Template Index,Template ID,Template Name,Saved Filename,Updated At,Detected Products Count,Detected Products List,Dynamic Klaviyo Tags
1,UQqsZ2,11.Aug.Emailer_6.ready_to_review,01_11augemailer_6ready_to_review_UQqsZ2.html,2026-08-12T05:00:42+00:00,17,"100+ Trusted Brands, A smoother service starts, Build for your signature
                    menu, Celebrate Festival Inc., Commercial convection oven, Commercial dough roller machine, Commercial holding cabinets, Commercial kitchen equipment setup: Planetary Mixer, Dough Roller, Holding Cabinet, Double Convection Oven, Create a cleaner prep path, Fast Shipping, Four decisions that shape the whole kitchen, Hold without losing
                    momentum, LinkedIn, Match the cookline to the
                    menu, Price Match, Quality Customer Service, Stainless steel work tables and prep stations",
2,TBV7NS,11.Aug.Emailer_5.ready_to_review,02_11augemailer_5ready_to_review_TBV7NS.html,2026-08-10T21:44:18+00:00,16,"100+ Trusted Brands, Build the operation, not just the equipment list., Celebrate Festival Inc., Combination oven, Commercial kitchen equipment lineup, Create consistent results, Equip a distinctive menu, Every
                  station., Fast Shipping, LinkedIn, Move faster before service, Not sure
            what belongs in your kitchen?, Price Match, Protect quality at the pass, Quality Customer Service, Your
            menu, workflow, and service demands.",
3,Y7ksEL,11.Aug.Emailer_4.ready_to_review,03_11augemailer_4ready_to_review_Y7ksEL.html,2026-08-10T21:44:09+00:00,23,"100+ Trusted Brands, Angaar conveyor kebab grill, Celebrate Festival Inc., Combination Ovens, Combination oven, Convection Ovens, Convection oven, Dough Rollers, Equipment that earns its place., Fast Shipping, Holding Cabinets, Holding cabinets, LinkedIn, Need a
                      second opinion?, Pizza Ovens, Pizza and conveyor ovens, Pizza dough roller, Price Match, Purpose-built for distinctive menus., Quality Customer Service, Six categories. One serious equipment partner., Stainless steel work tables, Work Tables",
4,W8tynM,11.Aug.Emailer_3.ready_to_review,04_11augemailer_3ready_to_review_W8tynM.html,2026-08-10T21:26:05+00:00,20,"100+ Trusted Brands, Build Around Your Operation, Celebrate Festival Inc., Celebrate Festival Inc. Restaurant Equipment, Chef standing in a fully equipped commercial kitchen, Commercial Equipment Worth a Closer Look, Fast Shipping, LinkedIn, Not Sure Which Model Fits?, Plan the Equipment Your Kitchen Needs, Price Match, Quality Customer Service, Rational 6 Pan Full Size Electric Combi Oven Icombi Pro Oven 208 240V 3 Phase, Rational iCombi Pro Full Size 6 Pan Electric Commercial Combi Oven, Robot Coupe R2N Cutter Mixer and Food Processor with 3 Quart Bowl, Robot Coupe R2N Robot Coupe R2N 1 Speed Cutter Mixer Food Processor W 3 Qt Bowl 120V, True T 49 Hc Reach In Solid Swing Door Refrigerator, True T-49-HC Reach-In Solid Swing Door Refrigerator, Waring CB15 1-Gallon Commercial Stainless Steel Food Blender, Waring One Gallon 120 V Food Blender Heavy Duty Cb15 Cb 15 With Electronic Keypad 3 75 Hp",
5,V9LWwA,5.Aug.Emailer_2.testing,05_5augemailer_2testing_V9LWwA.html,2026-08-07T19:50:49+00:00,21,"100+ Trusted Brands, Alto-Shaam heated holding solutions, Build a More Versatile Kitchen, Celebrate Festival Inc., Combination Ovens, Commercial Kebab Extruder, Convection Ovens, Conveyor Kebab Grill, Customer Quality Service, From Prep to Plate, We've Got You Covered., Grill & Prepare Setup, Hold & Serve with Atosa, LinkedIn, Nationwide Shipping, Pizza Dough Roller Machine, Pizza Ovens, Price Match Guarantee, Professional cooking equipment for naan kebabs pizza and pita, Rotating Pita Oven, Versatile Bake Solutions, Your Next Best-Selling Dish",
6,ULMEH2,5.Aug.Emailer_1.testing,06_5augemailer_1testing_ULMEH2.html,2026-08-07T19:49:50+00:00,31,"Alto-Shaam Holding Cabinets, Brands, Built for Output. Backed by Quality., Celebrate Festival Inc., Combination Ovens, Combination ovens, Commercial Kebab Extruder, Commercial Kitchen Setup, Commercial kitchen equipment lineup, Convection Ovens, Convection ovens, Conveyor Kebab Grill, Conveyor Ovens, Conveyor ovens, Discover the ANGAAR Collection, Dough Roller Machine, Hold Ovens & Holding Cabinets, Indian Specialty, Indian specialty equipment categories, Kebab Extruder, LinkedIn, Oven Solutions for Every Kitchen, Pizza Dough Roller Machine, Pizza Ovens, Pizza ovens, Price Match, Quality, Ready to Elevate Your Kitchen?, Rotating Pita Oven, Shipping, What Makes a Great",
7,VuKmGv,27.July.Emailer_8.testing,07_27julyemailer_8testing_VuKmGv.html,2026-08-07T19:46:47+00:00,27,"ANGAAR Commercial Kitchen Oven Equipment, AUTHENTIC INDIAN SPECIALTY EQUIPMENT, Authentic Performance, Built for Busy Service, Celebrate Festival Inc., Combination Ovens, Commercial Durability, Commercial Extruder, Commercial Kebab Extruder, Complete Oven Solutions, Convection Ovens, Conveyor Kebab Grill, EXPLORE THE ANGAAR SPECIALTY LINE, Fast Shipping, HEAVY-DUTY OVEN COLLECTION, Holding Cabinets, Indian Specialty Equipment, LET'S BUILD YOUR KITCHEN, LinkedIn, Pizza & Conveyor Ovens, Pizza Dough Roller, Price Match, Quality Service, Rotating Pita Oven, Stainless Prep Tables, Trusted Brands, WHY CHOOSE ANGAAR?",
8,RyMjfB,27.July.Emailer_7.testing,08_27julyemailer_7testing_RyMjfB.html,2026-08-07T19:40:24+00:00,29,"100+ Brands, AUTHENTIC INDIAN SERVEWARE & TABLEWARE, Alto-Shaam Cabinets, Alto-Shaam Heated Holding Cabinets, Authentic Indian Serveware & Tableware, BAKE, BUILD YOUR SYSTEM WITH CELEBRATE FESTIVAL, COOK, Celebrate Festival Inc., Combination Oven, Combination Ovens, Commercial Kebab Extruder, Convection & Deck, Convection & Deck Ovens, Conveyor Kebab Grill, Fast Shipping, HOLD & SERVE, Heated Display Cases, Kebab Extruder, Kitchen's Operations, LinkedIn, PREPARE, Pizza Dough Roller, Pizza Dough Roller Machine, Price Match, Quality Service, Rotating Pita Oven, Streamline Your, Warmers & Displays",
9,YtMacJ,20.July.Emailer_6.ready for review,09_20julyemailer_6ready_for_review_YtMacJ.html,2026-08-07T19:38:29+00:00,30,"AUTHENTIC INDIAN SERVEWARE & TABLEWARE, COMMERCIAL OVEN SOLUTIONS, CREATE MORE WITH ANGAAR, Celebrate Festival Inc., Commercial Combi Oven, Commercial Convection Oven, Commercial Conveyor Oven, Commercial Cooking Equipment, Commercial Kebab Extruder, Continuous Cooking • High Output, Conveyor Kebab Grill, Crispy Crusts • High-Volume Performance, Even Cooking • Consistent Results, FEATURED EQUIPMENT SELECTION, Fast Shipping, From Preparation & Cooking to Holding & Serving, Heated Display Cases, Holding Cabinet, Hot Food Tables, LinkedIn, Mini Tandoor Oven, One Oven • Endless Possibilities, Pizza Dough Roller, Preserve Freshness • Maintain Quality, Price Match, Professional Pizza Oven, Quality Service, Refrigerated Display, Rotating Pita Oven, Trusted Brands",
10,RaQ7Cx,20.July.Emailer_5.ready for review,10_20julyemailer_5ready_for_review_RaQ7Cx.html,2026-08-07T19:37:05+00:00,35,"100+ Trusted Brands, ANGAAR Commercial Kitchen Tandoor & Grill Equipment, AUTHENTIC INDIAN SPECIALTY EQUIPMENT, Authentic Performance, BUILT FOR CHEFS WHO DEMAND MORE, Built for Busy Service, Celebrate Festival Inc., Commercial Combi Oven, Commercial Convection Oven, Commercial Conveyor Oven, Commercial Durability, Commercial Kebab Extruder, Continuous Cooking • High-Volume Service, Conveyor Kebab Grill, Crispy Crusts • Fast Recovery Time, EXPLORE OUR COMMERCIAL OVEN SOLUTIONS, EXPLORE THE ANGAAR COLLECTION, Even Cooking • Reliable Performance, Fast & Free Shipping, From Preparation & Cooking to Holding & Serving, Heated Display Cases, Heated Holding Cabinets, Holding Cabinet, Holding Cabinets, LinkedIn, Mini Tandoor Oven, One Oven • Multiple Cooking Methods, Perfect Temperature • Safe Food Holding, Pizza Dough Roller, Price Match Guarantee, Professional Pizza Oven, Quality Customer Service, Rotating Pita Oven, Stainless Prep Tables, WHY CHOOSE ANGAAR?",
11,XNZ6cw,13.July.Emailer_4.ready for review,11_13julyemailer_4ready_for_review_XNZ6cw.html,2026-08-07T19:34:07+00:00,23,"100% Trusted Brands, ANGAAR Conveyor Grill, COMPLETE YOUR KITCHEN, Celebrate Festival Inc., Conveyor Kebab Grill, Customer Quality, EVERY GREAT DISH BEGINS WITH THE RIGHT EQUIPMENT., Fast Shipping, Food Warmers, Food Warmers & Tables, Heated Display Case, Heated Display Cases, Heated Holding Cabinets, Holding Cabinet, Hot Food Tables, Kebab Extruder, LinkedIn, Pizza Dough Roller, Pizza Dough Roller Machine, Price Match, READY TO UPGRADE YOUR SERVICE?, Refrigerated prep table, Rotating Pita Oven",
12,Y3uBiz,10.July.Emailer_3.ready for review,12_10julyemailer_3ready_for_review_Y3uBiz.html,2026-08-07T19:32:44+00:00,17,"ANGAAR Mini Oven, ANGAAR Stockpot, Celebrate Festival, Check Support, Conveyor Kebab Grill, Fast Shipping, Food Warmers, Heated Display Case, Holding Cabinets, Is Your Kitchen, Kebab Extruder, Keep Your Food Hot Until It's Served, LinkedIn, Price Match, Quality Service, Trusted Brands, Why Restaurants Choose ANGAAR",
13,Rm2Bud,08.July.Emailer_2.ready for review,13_08julyemailer_2ready_for_review_Rm2Bud.html,2026-08-07T19:29:09+00:00,21,"100% Trusted Brands, AUTHENTIC FLAVORS START WITH ANGAAR, Celebrate Festival Inc., Conveyor Kebab Grill, Customer Quality, DOUGH ROLLER MACHINE, FEATURED EQUIPMENT, Fast Shipping, Food Warmers, Heated Cases, Heated Display Case, Holding Cabinet, Holding Cabinets, KEEP EVERY DISH SERVING-READY, Kebab Extruder, Kebab Grill, LinkedIn, Pizza Dough Roller, Price Match, ROTATING PITA OVEN, Rotating Pita Oven",
14,UfDPDj,08.July.Emailer_1.ready for review,14_08julyemailer_1ready_for_review_UfDPDj.html,2026-08-07T18:59:14+00:00,22,"100% Trusted Brands, ANGAAR MINI TANDOOR OVEN, ANGAAR Mini Tandoor, COMMERCIAL KEBAB EXTRUDER, COMPLETE YOUR KITCHEN, CONVEYOR KEBAB GRILL, Celebrate Festival Inc., Customer Quality, DOUGH ROLLER MACHINE, FEATURED ANGAAR SOLUTIONS, Fast Shipping, Food Warmers, Food Warmers & Hot Food Tables, Heated Display Case, Heated Display Cases, Heated Holding Cabinets, Holding Cabinet, LinkedIn, PIZZA DOUGH ROLLER, Price Match, ROTATING PITA OVEN, TURN UP THE HEAT WITH ANGAAR",
15,Rfv2MM,29.Jun.Emailer_10.ready for review,15_29junemailer_10ready_for_review_Rfv2MM.html,2026-08-06T16:58:58+00:00,32,"100+ Trusted Brands, ANGAAR MINI TANDOOR OVEN, Alto-Shaam Commercial warming, Angaar Mini Tandoor Oven, Conveyor Kebab Grill, Customer Quality, Dough Roller, FOOD WARMERS, Food Warmers, HEATED DISPLAY CASES, HEATED HOLDING CABINETS, HOT FOOD TABLES, Heated Display Cases, Heated Display Solutions, Heated Displays, Heated Holding Cabinets, Holding Cabinets, Hot Food Tables, Kebab Extruder, Kebab Grill, LinkedIn, MAKE THIS YOUR BUSIEST SUMMER YET., Merchandisers, Merchandising Displays, Pita Oven, Pizza Dough Roller, Price Match, Rotating Pita Oven, SERVE MORE, SPECIALTY COOKING EQUIPMENT, SUMMER EQUIPMENT SOLUTIONS, Shipping",
16,UvtLqg,29.Jun.Emailer_9.ready for review,16_29junemailer_9ready_for_review_UvtLqg.html,2026-08-06T16:58:20+00:00,34,"100+ Trusted Brands, ANGAAR MINI TANDOOR OVEN, Alto-Shaam Commercial Equipment, Alto-Shaam Heated Display Case, Alto-Shaam Holding Cabinet, Alto-Shaam Merchandiser Display, Angaar Mini Tandoor Oven, Commercial Kebab Extruder, Conveyor Kebab Grill, Countertop Food Warmer, Dough Roller, FOOD WARMERS, Fast & Free Delivery, HEATED DISPLAY CASES, HEATED HOLDING CABINETS, HOT FOOD TABLES, Heated Display Case, Heated Displays, Heated Holding Cabinet, Holding Cabinets, Hot Food Table, Kebab Extruder, Kebab Grill, LinkedIn, Merchandisers, Pita Oven, Pizza Dough Roller Machine, Price Match Guarantee, Quality Customer Service, Rotating Pita Oven, SPECIALTY COOKING EQUIPMENT, SUMMER ESSENTIALS FOR YOUR KITCHEN, SUMMER IS HERE., Summer Kitchen Preparation",
17,UHvcpD,22.Jun.Emailer_8.ready for review,17_22junemailer_8ready_for_review_UHvcpD.html,2026-08-06T16:56:18+00:00,29,"100% Trusted Brands, ALTO-SHAAM, ANGAAR MINI TANDOOR OVEN, Angaar Mini Tandoor Oven, Atosa Mobile Heated Holding Cabinet, Atosa Mobile Holding Cabinet, CONTACT OUR TEAM FOR EXPERT RECOMMENDATIONS, Commercial Countertop Food Warmers, Commercial Countertop Warmers, Customer Quality, Expand Kitchen Capabilities, FOOD WARMERS, Fast Shipping, Food Holding & Warming Equipment, HEATED DISPLAY CASES, HEATED HOLDING CABINETS, HOT FOOD TABLES, Heated Display Case, Hot Food Service Merchandiser, Hot Food Table, Hot Holding Cabinet, Hot Holding Display, Merchandiser Display, Merchandiser Display Unit, Metro Holding & Proofing Cabinet, Price Match, SHOP OUR TOP CATEGORIES, Specialty Cooking Utensils, Vollrath Food Warmer",
18,U5hDGi,22.Jun.Emailer_7,18_22junemailer_7_U5hDGi.html,2026-08-06T16:54:51+00:00,41,"Alto-Shaam Case, Alto-Shaam Heated Display Case, Alto-Shaam Merchandiser, Angaar Mini Tandoor, Angaar Tandoor Oven, Cambro Cabinet, Celebrate Festival Inc, Commercial Countertop Food Warmers, Commercial Kebab Extruder, Consistent Heat. Perfect Holding., Conveyor Kebab Grill, Countertop, Countertop Food Warmers & Fryers, Dough Roller, Efficient Serving Wells, Fast Shipping, Food Warmers Showcase, Heated Display Cabinet, Holding Cabinet, Hot Food Service Merchandiser, Hot Food Table, Kebab Extruder, Kebab Grill, LinkedIn, Metro Holding and Proofing Cabinet, Pizza Dough Roller Machine, Planetary Mixer, Price Match, Quality Service, Ready to Upgrade Your Kitchen?, Rotating Pita Oven, SERVE HOTTER. SERVE BETTER., Service Merch, Showcase Hot Food with Confidence, Specialty Cooking Equipment, Steam Table, True Cabinet, True Heated Holding Cabinet, Trusted Brands, Vollrath Food Warmer, Warming Drawers",
19,Yg5y5j,16.Jun.Emailer_6.ready for review,19_16junemailer_6ready_for_review_Yg5y5j.html,2026-08-06T16:53:31+00:00,16,"Brass Thali Set Serveware, Built for Authentic Flavor, COOKING SOLUTIONS, Clay Tandoor Oven Unit, Complete the Dining Experience, Designed for Traditional Food Prep, Fast Shipping, Indian Specialty Equipment, Indian Specialty Grind Showcase, Price Match, Quality Service, SPECIALTY EQUIPMENT, Supporting Your Business from Kitchen to Service, Traditional Cooking Solutions, Traditional Cooking. Professional Performance., Trusted Brands",
20,WpuUgk,16.Jun.Emailer_5,20_16junemailer_5_WpuUgk.html,2026-08-06T16:52:29+00:00,18,"Commercial Combi Oven, Commercial Convection Oven, Commercial Conveyor Oven, Commercial Kitchen Performance, Designed for Demanding Operations, Dry Heat & Steam Combined, Equipment You Can Depend On, Even Cooking. Reliable Performance., Fast Shipping, High-Volume, Continuous Baking, Holding Cabinet, Keep Your Dishes Fresh & Warm, Perfect Crusts, High Temperature, Power Every Service., Price Match, Professional Pizza Oven, Quality Service, Trusted Brands",
21,UUYCfN,12.Jun.Emailer_4.ready for review,21_12junemailer_4ready_for_review_UUYCfN.html,2026-08-06T16:51:28+00:00,17,"Bakery Presentation, Bulk Discounts, Celebrate Festival, Compact Mithai Cooler, Countertop Display, Curved Glass Case, Customer Service, Deli Case, Fast Shipping, Floor Display, Freshness Meets Presentation, Keep Products Fresh., Merchandiser, Premium Mithai Display Solutions, Price Match, Square Mithai Case, Trusted Brands",
22,XayhtJ,13.Jun.Emailer_3,22_13junemailer_3_XayhtJ.html,2026-08-06T16:50:33+00:00,17,"Biryani Pots, Celebrate Festival, Check Support, Cooking Range, Copper Serveware, Equip Your Kitchen, Essentials for Traditional Cooking, Fast Shipping, Kadai, Keep Operations Running Smoothly, Kitchen Accessories, Prep Equipment, Price Match, Quality Service, Shelving Carts, Trusted Brands, Work Tables",
23,TemLNB,05.Jun.Emailer_2.ready for review,23_05junemailer_2ready_for_review_TemLNB.html,2026-08-06T16:49:19+00:00,26,"Bakery Display, Celebrate Festival, Countertop Case, Custom Refrigeration Quotes, Deli Case, Display Every Treat Beautifully, Drink Cooler, Drink Coolers, Fast Shipping, Freshness Meets Presentation, Ice Cream Cabinet, Ice Cream Dipping Cabinets, Keep Products Fresh., Merchandiser, Premium Mithai Display Solutions, Premium Refrigeration, Price Match, Quality Service, Refrigerated Case, Service, Showcase with Confidence, Specialty Display, Sushi Case, Sushi Cases, Trusted Brands, Visibility That Drives Sales",
24,Tm23iw,05.Jun.Emailer_1.ready for review,24_05junemailer_1ready_for_review_Tm23iw.html,2026-08-05T22:56:08+00:00,30,"100+ Brands, Buffet Equipment, Built for Efficient Operations, Bulk Supply for Large Operations, Celebrate Festival, Chaat Counter, Designed for High-Volume Service, Display Case, Display Stand, Fast Shipping, Food Warmer, Golgappa Counter, Heated Shelves, Holding Cabinet, Hot Merchandiser, Make Every Display Count, Premium Buffet Service, Present Better., Price Match, Professional Chaat Stations, Professional Holding Cabinets, Quality Service, Reliable Performance Every Day, Serve Smarter., Service, Service Line, Serving Station, Shelf Warmer, Soup Kettle, Soup Kettles",
25,TGZSEr,19.May.Emailer_10,25_19mayemailer_10_TGZSEr.html,2026-08-05T22:54:51+00:00,27,"Alto-Shaam, Alto-Shaam Solutions, Atosa Mobile, Atosa Mobile Cabinet, Built for Fast-Paced Kitchens, Celebrate Festival Inc, Commercial Case Line, Commercial food warming equipment, Consistent Heat. Better Service Flow., Display Cases, Fast Shipping, Food Holding &, Food Warmers, Heated Display Case, Holding Cabinet, Hot Food Table, Howard McCray, Howard McCray Range, Keep Every Dish Ready to Serve, Metro Insulated, Metro Insulated Line, Need help choosing the right commercial kitchen equipment?, Price Match, Quality Service, Showcase Hot Food with Confidence, Support, Trusted Brands",
26,S5ffNn,19.May.Emailer_9,26_19mayemailer_9_S5ffNn.html,2026-08-05T22:54:32+00:00,27,"Alto-Shaam Cabinet, Alto-Shaam Display, Alto-Shaam Products, Alto-Shaam heated display equipment, Atosa, Atosa Heated Cabinet, Catering Operations, Celebrate Festival Inc, Customer Quality, Display Freshness While Maintaining Heat, Fast Shipping, Food Holding Cabinets, Food holding and warming equipment, Heated Display Cases, Heated Display Solutions, Hold Temperature. Maintain Quality., Holding & Warming, Hot food table and warmer, Howard McCray, Metro, Metro Proofing Cabinet, Price Match, Reliable Heat for Every Service Line, Serve Hot., Trusted Brands, Trusted by Commercial Kitchens Worldwide, Vollrath Hot Food Table",
27,X7bEjy,19.May.Emailer_8,27_19mayemailer_8_X7bEjy.html,2026-08-05T22:54:04+00:00,31,"A complete ways to browse., Authentic Performance, Biryani Pots, Busy Kitchens Notice the, Celebrate Festival Inc, Commercial blenders, Cooking Equipment, Copper, Essentials for Traditional Cooking, High-Performance Cooking Lines, Holding & Warming, Indian Specialty, Kadai, Melamine, Mixers, Prep & Processing, Prep Tables, Prep and processing equipment, Price Match, Quality, Refrigeration, Serving Trays, Shipping, Stainless Steel, Stainless steel equipment, Storage That Supports the Workflow, Support, Support That Keeps You Ready, Tandoor, Trusted Brands, Walk in coolers",
28,XvJG2a,19.May.Emailer_7,28_19mayemailer_7_XvJG2a.html,2026-08-05T22:53:42+00:00,37,"Alto-Shaam, Alto-Shaam Solutions, Beverage Display, Biryani Pots, Built for Front-of-House Service, Celebrate Festival Inc, Commercial Case Line, Commercial kitchen equipment, Cooking Equipment, Copper, Display Cases, Essentials for Traditional Cooking, Fast Shipping, Howard McCray, Howard McCray Range, Indian Specialty, Kadai, Kitchen Tools, Kitchen smallwares, Made for Long Service Hours, Melamine, Prep & Processing, Prep and processing equipment, Presentation, Price Match, Quality Service, Serving Trays, Showcase Hot Food with Confidence, Some Kitchens Run on Speed. Others Run on, Stainless Steel, Stainless steel equipment, Support, Support That Works Around Your Needs, Tabletop serviceware, Tandoor, Traditional Performance, Trusted Brands",
29,W7ziQy,15.May.Emailer_6,29_15mayemailer_6_W7ziQy.html,2026-08-05T22:53:24+00:00,16,"Call, Celebrate Festival Inc, Deli and Prepared Foods, Fast Shipping, Fresh Produce Section, Frozen Foods Aisle, Mail, Map, Meat Cutting, Price Match, Quality Service, Sandwich Prep, Sanitation Area, Trusted Brands, Walk-In Cooler, Web",
30,R4cDbh,12.May.Emailer_5,30_12mayemailer_5_R4cDbh.html,2026-08-05T22:53:08+00:00,25,"100+ Trusted Brands, Buckets, Celebrate Festival Inc, Commercial Ovens, Cooking Equipment for Continuous Service, Cooling That Works Quietly in the Background, Customer Quality, Essentials for Traditional Cooking & Service, Flat Tops, Handi, Kadai, Made to Handle Everyday Use, Prep Equipment, Price Match, Ranges & Griddles, Refrigeration, Shipping, Stainless Steel Shelving, Storage Racks, Support That Keeps Kitchens Ready, Tandoor, Thali, The Difference Shows During the, Utensils, Where the Day Starts",
31,Taci25,12.May.Emailer_4,31_12mayemailer_4_Taci25.html,2026-08-05T22:52:06+00:00,28,"100+ Trusted Brands, Buckets, Built Around Daily Prep, Bun Pan Rack, Celebrate Festival Inc, Commercial Ovens, Customer Quality, Equipment That Keeps Pace, Food Prep, Gas Ranges, Gas Ranges & Burners, Grills, Handi, Kadai, Keep Ingredients Within Reach, Kitchen Operations, Price Match, Refrigeration, Shipping, Stainless Steel Shelving, Storage Racks & Workstations, Storage That Supports the Kitchen, Support Beyond the Purchase, Tandoor, Thali, The Work Doesn’t Pause Once, Traditional Equipment for Indian Kitchens, Utensils",
32,UR3wu5,07.May.Emailer_3,32_07mayemailer_3_UR3wu5.html,2026-08-05T22:49:54+00:00,32,"12 Brass Thali Set Of 7 Pieces Matt Finish Dinner Plates, Because Every Shift Depends on What’s Behind the Line, Brass Thali Set, Built for Traditional Cooking & Service, Celebrate Festival, Cooking Equipment, Cooking Line, Copper Handi Bowl, Copper Katori Bowl, Copper Stainless Steel Hammered Omega Katori Bowl 3 5 Oz Round Bottom For Dining Serving, Copper Stainless Steel Pickle Chutney Dip Serving Stand 3 Bowl Traditional Indian Condiment Holder With Brass Base, Fast Shipping, Floor Mixer, Freezers & Cold Storage, Hammered Copper Kadai, Hammered Copper Stainless Steel Kadai Karahi Bowl With Welded Handle Traditional Indian Serveware, New festive arrivals, Peacock Thali Plate, Peacock Thali Plate 16 Inch 12 5 Round 3 5 Extension For Bowl Katori, Prep & Workflow, Prep Tables, Price Match, Quality Service, Reach-in Refrigerators, Refrigeration That Keeps Things Ready, Service Support, Serving Stand, Support That Fits Your Setup, The Rush Starts, Tools That Keep Work Moving, Traditional Copper Handi Lagan With Kalai Tin Coating Inside Authentic Indian Cookware For Biryani Curries Slow Cooking, Trusted Brands",
33,XQ4YUB,02.May.Emailer_2,33_02mayemailer_2_XQ4YUB.html,2026-08-05T22:48:53+00:00,25,"100+ Brands, Because Good Kitchens Don’t, COOKING EQUIPMENT, Commercial Blender, Don’t Have to Think About, FOOD PREPARATION, Fast Shipping, Food Processor, Have Time for Guesswork, INDIAN SPECIALTY, Indian Cookware, Indian Serveware, KaTom, Kitchen Utensils, Operations, Price Match, Quality Service, REFRIGERATION, Reach-in Refrigerator, Tandoor Equipment, The Kind of Equipment You, True Gdm 23 Hc Tsl01 Swing Door Refrigerator, True Refrigerator, Undercounter Cooling, Workspaces",
34,T4KPDX,01.May.Emailer_1,34_01mayemailer_1_T4KPDX.html,2026-08-05T22:48:18+00:00,32,"12 Brass Thali Set Of 7 Pieces Matt Finish Dinner Plates, Brass Diya Set — Editor's Pick, Brass Thali Set, Celebrate Festival, Commercial Refrigeration Solutions, Copper Handi Bowl, Copper Pooja Thali, Copper Stainless Steel Hammered Omega Katori Bowl 3 5 Oz Round Bottom For Dining Serving, Copper Stainless Steel Pickle Chutney Dip Serving Stand 3 Bowl Traditional Indian Condiment Holder With Brass Base, Core Kitchen Equipment, Fast Shipping, For Restaurants, Gifting and Hampers, Hammered Copper Kadai, Hammered Copper Stainless Steel Kadai Karahi Bowl With Welded Handle Traditional Indian Serveware, Marigold Toran, NEW ARRIVALS, PREP & WORKFLOW, Peacock Thali Plate 16 Inch 12 5 Round 3 5 Extension For Bowl Katori, Previous Stock,, Price Match, Quality Service, Serving Stand, Silver Kalash, Support That, The Equipment, The Festival Edit, The Ritual Room, Traditional Copper Handi Lagan With Kalai Tin Coating Inside Authentic Indian Cookware For Biryani Curries Slow Cooking, Trusted Brands, Waring CB15 Commercial Blender, Waring One Gallon 120 V Food Blender Heavy Duty Cb15 Cb 15 With Electronic Keypad 3 75 Hp",
35,VPUhfm,2026-04-24 10:44 Untitled email template,35_2026_04_24_1044_untitled_email_template_VPUhfm.html,2026-04-30T18:22:42+00:00,43,"13 Copper And Stainless Steel Sovereign Thali Handcrafted Hammered Serving Plate, Brass Diya Set, Celebrate Festival, Cooking & Heating Equipment, Copper Stainless Steel Hammered Omega Katori Bowl 3 5 Oz Round Bottom For Dining Serving, DELIVERY SUPPORT, Diya Set, Fast Shipping, Festival Planner, Festive Decor Collection, Floor Mixer, Free Shipping, Gas Burner, Gift Hamper, Gifting and Hampers, Globe Gsg1410 Smooth Plate Mid Size Electric Sandwich Grill, Globe Gsm130 Spiral 130Lb Floor Mixer, Hammered Copper Stainless Steel Kadai Karahi Bowl With Welded Handle Traditional Indian Cookware, Hand Hammered Copper Stainless Steel Biryani And Curry Handi Double Wall Cookware For Traditional Indian Cooking, Hand Hammered Oval Copper Stainless Steel Entree Serving Dish With Welded Handles, Hand Hammered Traditional Copper Oval Thali Designer Serving Plate For Meals, Incense Set, Kitchen & Bulk Order Support, LED String Lights, Mixer, New Arrivals This Week, New festive arrivals, Perfect Baking, Prep & Workflow Tools, Price Match, Puja and Pooja Essentials, Quality Service, Rangoli Kit, Sandwich Grill, Spectrum, Stock Ready for, Top Pick, True T 49 Hc Reach In Solid Swing Door Refrigerator, Trusted Brands, Up to 50 percent off, Vsp Series 220 000 Btu Stock Pot Range Vsp200F, Wall Hanging, When the Kitchen Keeps Going,",
36,XewNXp,2026-04-23 10:43 Untitled email template,36_2026_04_23_1043_untitled_email_template_XewNXp.html,2026-04-23T18:21:17+00:00,38,"100+ Brands, 12 Brass Thali Set Of 7 Pieces Matt Finish Dinner Plates, Biryani Handi, Brass Thali, Built for Busy Kitchens, Celebrate Festival Inc, Commercial Ovens, Commercial-Grade Equipment for, Cooking Equipment, Copper Kadai, Copper Stainless Steel Hammered Omega Katori Bowl 3 5 Oz Round Bottom For Dining Serving, Designed for Traditional Menus, Dishwashing Equipment, Everyday Kitchen Operations, Fast Shipping, Featured, Freezers, Gas Ranges, Grills, Hammered Copper Stainless Steel Kadai Karahi Bowl With Welded Handle Traditional Indian Serveware, Hand Hammered Copper Stainless Steel Biryani And Curry Handi Double Wall Cookware For Traditional Indian Cooking, Hand Hammered Oval Copper Stainless Steel Entree Serving Dish With Welded Handles, Indian, Ingredient Bins, Katori Bowl, Mixers, Prep Equipment, Price Match, Quality Service, Refrigeration Systems, Serving Dish, Set Up Your Kitchen, Storage Solutions, Top Picks, Traditional Copper Handi Lagan With Kalai Tin Coating Inside Authentic Indian Cookware For Biryani Curries Slow Cooking, Trusted by Restaurant Owners, Ventilation, for Better Performance",
37,VZc2Nh,2026-04-16 11:49 Untitled email template,37_2026_04_16_1149_untitled_email_template_VZc2Nh.html,2026-04-17T16:55:18+00:00,16,"13 Hammered Copper Stainless Steel Sovereign Thali Elegant Design, Authentic Indian, Built for, Celebrate Festival Inc, Designed for, Efficiency That, Extra Long Serving Plate For Dosa Elegant Durable Steel Platter For Table Service, Fast Shipping, High-Performance Kitchen, Mickey Mouse Thali Plate 17 X12 5 3 5 Extension For Bowl Katori, Price Match, Quality Service, Restaurant Equipment Warehouse, Trusted Brands, Upgrade to a, What Kitchens Are Adding Now",
38,TnySZd,2026-04-13 14:46 Untitled email template,38_2026_04_13_1446_untitled_email_template_TnySZd.html,2026-04-13T23:28:51+00:00,18,"12 Brass Thali Set Of 7 Pieces Matt Finish Dinner Plates, 13 Hammered Copper Stainless Steel Sovereign Thali Elegant Design, Authentic Indian, Celebrate Festival Inc, Copper Steel Hammered Katori Bowl Sovereign Katori 5Oz, Extra Long Serving Plate For Dosa Elegant Durable Steel Platter For Table Service, Fast Shipping, KaTom, Mickey Mouse Thali Plate 17 X12 5 3 5 Extension For Bowl Katori, Price Match, Quality Service, Sipromac, True Gdm 23 Hc Tsl01 Swing Door Refrigerator, Trusted Brands, Turbo Air, Turbo Air M3Rf45 2 N M3 Series Top Mount Reach In Refrigerators And Freezer, Turbo Air Tsr 72Gsd N Super Deluxe Bottom Mount Reach In Refrigerator With Glass Door 67 02 Cu Ft, Waring",
39,Rvi7RL,2026-04-06 11:12 Untitled email template,39_2026_04_06_1112_untitled_email_template_Rvi7RL.html,2026-04-09T21:45:26+00:00,19,"Agr 24G 24 Gas Range With 24 Griddle, Celebrate Festival Inc, Commercial Stainless Steel Food Blender, Eurodib Mixer Planetary Mixer, Fast Shipping, Imported From India Rishab Tilting Commercial Wet Grinder Heavy Duty Stone Grinder 10L 20L Capacity, KaTom Restaurant Supply, Make Your Kitchen Run Even Smoother, Omcan Ce In 3434 34 X 34 Stainless Steel Tandoor Clay Oven Natural Gas, Price Match, Professional Performance. Better Value, Quality Service, Rational 6 Pan Full Size Electric Combi Oven Icombi Pro Oven 208 240V 3 Phase, Specially Selected for You, Trusted Brands, Turbo Air Tjmr 30Sdwb N Super Deluxe Bottom Mount Reach In Refrigerators With Glass Door 32 Cu Ft, Upgrade Your, Waring CB15, Waring One Gallon 120 V Food Blender Heavy Duty Cb15 Cb 15 With Electronic Keypad 3 75 Hp",
40,SqdVF6,2026-04-06 11:10 Untitled email template,40_2026_04_06_1110_untitled_email_template_SqdVF6.html,2026-04-07T19:49:30+00:00,15,"Atsp 18 2 Double Stock Pot Stove Standard Height, Built for Real Kitchen Demands, Celebrate Festival Inc, Commercial Kitchen Partner, Essential Equipment for Commercial Kitchens, Imported From India Rishab Tilting Commercial Wet Grinder Heavy Duty Stone Grinder 10L 20L Capacity, Omcan Ce In 24X24 24 X 24 Stainless Steel Tandoor Clay Oven Natural Gas, Performance You Can, Shop by Commercial Kitchen Category, Specialized Indian Kitchen Equipment, Spectrum, True T 23F Hc Reach In Solid Swing Door Freezer, Upgrade Your Commercial Kitchen Today, Upgrade Your Kitchen with Latest Equipment, Waring One Gallon 120 V Food Blender Heavy Duty Cb15 Cb 15 With Electronic Keypad 3 75 Hp",
